{
  "category_performance": {
    "COBRA": {
      "total_tests": 44,
      "successful_tests": 44,
      "avg_execution_time": 12.508593,
      "execution_times": [
        0.104873,
        0.072947,
        30.79043,
        16.139399,
        30.309739,
        15.327923,
        4.2e-05,
        0.075307,
        0.07924,
        0.073081,
        0.093056,
        2.397203,
        1.464101,
        39.246773,
        20.637061,
        39.735158,
        92.582629,
        6.7e-05,
        1.854485,
        2.598123,
        1.795729,
        2.443368,
        1.465041,
        0.777762,
        36.695865,
        18.546471,
        36.782562,
        49.975578,
        5.9e-05,
        0.947798,
        2.746039,
        0.831234,
        1.307893,
        0.418937,
        0.342919,
        31.908138,
        16.300596,
        32.77057,
        19.307847,
        5.4e-05,
        0.268074,
        0.514612,
        0.262044,
        0.387265
      ],
      "bio_scores": [
        1.0,
        1.0,
        1.0,
        1.0,
        1.0,
        1.0,
        1.0,
        1.0
      ],
      "execution_time_std": 19.23399136493524,
      "avg_bio_score": 1.0,
      "success_rate": 1.0
    },
    "AI_Media": {
      "total_tests": 24,
      "successful_tests": 24,
      "avg_execution_time": 1.0221827916666666,
      "execution_times": [
        0.136225,
        0.08771,
        0.104421,
        0.13173,
        0.072577,
        0.07271,
        3.164188,
        2.382066,
        2.488194,
        3.062509,
        1.578407,
        1.529534,
        1.622286,
        1.403912,
        1.307234,
        1.568896,
        0.662377,
        0.781862,
        0.493204,
        0.471247,
        0.384427,
        0.476738,
        0.325144,
        0.224789
      ],
      "bio_scores": [],
      "execution_time_std": 0.9756932536128607,
      "success_rate": 1.0
    },
    "Biochemistry": {
      "total_tests": 8,
      "successful_tests": 8,
      "avg_execution_time": 0.02206075,
      "execution_times": [
        0.027807,
        0.00181,
        0.084744,
        0.003291,
        0.027632,
        0.001762,
        0.027667,
        0.001773
      ],
      "bio_scores": [
        1.0,
        1.0,
        1.0,
        1.0,
        1.0,
        1.0,
        1.0,
        1.0
      ],
      "execution_time_std": 0.028311296401411425,
      "avg_bio_score": 1.0,
      "success_rate": 1.0
    }
  },
  "category_comparison": {},
  "execution_time_analysis": {}
}
