{
  "audit_id": "55b78c2a-af24-4756-829d-99a946f84dfe",
  "session_id": null,
  "tool_name": "run_metabolic_fba",
  "timestamp": "2025-06-09T23:53:13.598040",
  "input": {
    "model_path": "/Users/jplfaria/repos/ModelSEEDagent/data/examples/e_coli_core.xml"
  },
  "output": {
    "structured": {
      "success": true,
      "message": "FBA simulation completed successfully",
      "data": {
        "objective_value": 0.8739215069684303,
        "status": "optimal",
        "significant_fluxes": {
          "PFK": 7.477381962160286,
          "PGI": 4.860861146496822,
          "PGK": -16.02352614316761,
          "PGL": 4.959984944574652,
          "PGM": -14.716139568742836,
          "PIt2r": 3.2148950476848035,
          "PPC": 2.5043094703687356,
          "ACONTa": 6.0072495753503405,
          "ACONTb": 6.0072495753503405,
          "ATPM": 8.39,
          "AKGDH": 5.0643756614820985,
          "ATPS4r": 45.51400977451748,
          "PYK": 1.7581774441067881,
          "BIOMASS_Ecoli_core_w_GAM": 0.8739215069684303,
          "CO2t": -22.80983331020497,
          "RPE": 2.6784818505075263,
          "CS": 6.00724957535034,
          "RPI": -2.2815030940671246,
          "CYTBD": 43.59898531199755,
          "ENO": 14.716139568742836,
          "SUCDi": 5.0643756614820985,
          "SUCOAS": -5.0643756614820985,
          "TALA": 1.4969837572615647,
          "TKT1": 1.4969837572615645,
          "TKT2": 1.1814980932459616,
          "TPI": 7.477381962160286,
          "EX_co2_e": 22.80983331020497,
          "EX_glc__D_e": -10.0,
          "EX_h_e": 17.530865429786694,
          "EX_h2o_e": 29.17582713556585,
          "EX_nh4_e": -4.765319193197456,
          "EX_o2_e": -21.799492655998773,
          "EX_pi_e": -3.2148950476848035,
          "FBA": 7.477381962160286,
          "FUM": 5.064375661482098,
          "G6PDH2r": 4.959984944574652,
          "GAPD": 16.023526143167608,
          "GLCpts": 10.000000000000002,
          "GLNS": 0.2234617293318276,
          "GLUDy": -4.541857463865629,
          "GND": 4.95998494457465,
          "H2Ot": -29.17582713556585,
          "ICDHyr": 6.0072495753503405,
          "MDH": 5.0643756614820985,
          "NADH16": 38.53460965051545,
          "NH4t": 4.765319193197456,
          "O2t": 21.799492655998773,
          "PDH": 9.28253259916662
        },
        "subsystem_fluxes": {
          "Unknown": [
            [
              "PFK",
              7.477381962160286
            ],
            [
              "PGI",
              4.860861146496822
            ],
            [
              "PGK",
              -16.02352614316761
            ],
            [
              "PGL",
              4.959984944574652
            ],
            [
              "PGM",
              -14.716139568742836
            ],
            [
              "PIt2r",
              3.2148950476848035
            ],
            [
              "PPC",
              2.5043094703687356
            ],
            [
              "ACONTa",
              6.0072495753503405
            ],
            [
              "ACONTb",
              6.0072495753503405
            ],
            [
              "ATPM",
              8.39
            ],
            [
              "AKGDH",
              5.0643756614820985
            ],
            [
              "ATPS4r",
              45.51400977451748
            ],
            [
              "PYK",
              1.7581774441067881
            ],
            [
              "BIOMASS_Ecoli_core_w_GAM",
              0.8739215069684303
            ],
            [
              "CO2t",
              -22.80983331020497
            ],
            [
              "RPE",
              2.6784818505075263
            ],
            [
              "CS",
              6.00724957535034
            ],
            [
              "RPI",
              -2.2815030940671246
            ],
            [
              "CYTBD",
              43.59898531199755
            ],
            [
              "ENO",
              14.716139568742836
            ],
            [
              "SUCDi",
              5.0643756614820985
            ],
            [
              "SUCOAS",
              -5.0643756614820985
            ],
            [
              "TALA",
              1.4969837572615647
            ],
            [
              "TKT1",
              1.4969837572615645
            ],
            [
              "TKT2",
              1.1814980932459616
            ],
            [
              "TPI",
              7.477381962160286
            ],
            [
              "EX_co2_e",
              22.80983331020497
            ],
            [
              "EX_glc__D_e",
              -10.0
            ],
            [
              "EX_h_e",
              17.530865429786694
            ],
            [
              "EX_h2o_e",
              29.17582713556585
            ],
            [
              "EX_nh4_e",
              -4.765319193197456
            ],
            [
              "EX_o2_e",
              -21.799492655998773
            ],
            [
              "EX_pi_e",
              -3.2148950476848035
            ],
            [
              "FBA",
              7.477381962160286
            ],
            [
              "FUM",
              5.064375661482098
            ],
            [
              "G6PDH2r",
              4.959984944574652
            ],
            [
              "GAPD",
              16.023526143167608
            ],
            [
              "GLCpts",
              10.000000000000002
            ],
            [
              "GLNS",
              0.2234617293318276
            ],
            [
              "GLUDy",
              -4.541857463865629
            ],
            [
              "GND",
              4.95998494457465
            ],
            [
              "H2Ot",
              -29.17582713556585
            ],
            [
              "ICDHyr",
              6.0072495753503405
            ],
            [
              "MDH",
              5.0643756614820985
            ],
            [
              "NADH16",
              38.53460965051545
            ],
            [
              "NH4t",
              4.765319193197456
            ],
            [
              "O2t",
              21.799492655998773
            ],
            [
              "PDH",
              9.28253259916662
            ]
          ]
        },
        "result_file": null
      },
      "metadata": {
        "model_id": "e_coli_core",
        "objective_reaction": "1.0*BIOMASS_Ecoli_core_w_GAM - 1.0*BIOMASS_Ecoli_core_w_GAM_reverse_712e5",
        "num_reactions": 95,
        "num_metabolites": 72,
        "num_significant_fluxes": 48
      },
      "error": null
    },
    "console": {
      "stdout": "",
      "stderr": ""
    },
    "files": []
  },
  "execution": {
    "duration_seconds": 1.8804080486297607,
    "success": true,
    "error": null,
    "timestamp_end": "2025-06-09T23:53:13.598167"
  },
  "environment": {
    "python_version": "3.11.12 | packaged by conda-forge | (main, Apr 10 2025, 22:18:52) [Clang 18.1.8 ]",
    "working_directory": "/Users/jplfaria/repos/ModelSEEDagent",
    "user": "jplfaria"
  }
}