{
  "audit_id": "f39fdb59-1798-465b-839c-69c921a226d2",
  "session_id": null,
  "tool_name": "run_flux_variability_analysis",
  "timestamp": "2025-06-18T22:46:53.832989",
  "input": {
    "model_path": "/Users/jplfaria/repos/ModelSEEDagent/data/examples/e_coli_core.xml"
  },
  "output": {
    "structured": {
      "success": true,
      "message": "FVA completed for 95 reactions",
      "error": null,
      "full_data_path": null,
      "summary_dict": null,
      "key_findings": null,
      "schema_version": "1.0",
      "tool_name": null,
      "model_stats": null,
      "data": {
        "fva_results": {
          "minimum": {
            "PFK": 7.477381962160216,
            "PFL": 0.0,
            "PGI": 4.860861146496643,
            "PGK": -16.023526143167665,
            "PGL": 4.959984944574433,
            "ACALD": -1.355859956467755e-14,
            "AKGt2r": -6.022878532717834e-15,
            "PGM": -14.716139568742872,
            "PIt2r": 3.2148950476847586,
            "ALCD2x": -1.180910284665464e-14,
            "ACALDt": -7.69379303507341e-15,
            "ACKr": -1.6061009420580877e-14,
            "PPC": 2.5043094703684114,
            "ACONTa": 6.007249575350317,
            "ACONTb": 6.007249575350317,
            "ATPM": 8.39,
            "PPCK": 0.0,
            "ACt2r": -5.5250000658759926e-15,
            "PPS": 0.0,
            "ADK1": 0.0,
            "AKGDH": 5.064375661481721,
            "ATPS4r": 45.514009774517405,
            "PTAr": 0.0,
            "PYK": 1.7581774441066957,
            "BIOMASS_Ecoli_core_w_GAM": 0.8739215069684303,
            "PYRt2": -1.3228907353901785e-14,
            "CO2t": -22.809833310204993,
            "RPE": 2.678481850507455,
            "CS": 6.007249575350268,
            "RPI": -2.2815030940671845,
            "SUCCt2_2": -7.487838058695998e-15,
            "CYTBD": 43.5989853119975,
            "D_LACt2": -1.2053035070728164e-14,
            "ENO": 14.716139568742763,
            "SUCCt3": 0.0,
            "ETOHt2r": -9.178640200982194e-15,
            "SUCDi": 5.064375661482061,
            "SUCOAS": -5.064375661482161,
            "TALA": 1.4969837572614921,
            "THD2": 0.0,
            "TKT1": 1.4969837572614892,
            "TKT2": 1.1814980932458887,
            "TPI": 7.477381962160211,
            "EX_ac_e": 0.0,
            "EX_acald_e": 0.0,
            "EX_akg_e": 0.0,
            "EX_co2_e": 22.809833310204944,
            "EX_etoh_e": 0.0,
            "EX_for_e": 0.0,
            "EX_fru_e": 0.0,
            "EX_fum_e": 0.0,
            "EX_glc__D_e": -10.0,
            "EX_gln__L_e": 0.0,
            "EX_glu__L_e": 0.0,
            "EX_h_e": 17.530865429786683,
            "EX_h2o_e": 29.175827135565793,
            "EX_lac__D_e": 0.0,
            "EX_mal__L_e": 0.0,
            "EX_nh4_e": -4.765319193197464,
            "EX_o2_e": -21.79949265599872,
            "EX_pi_e": -3.2148950476847737,
            "EX_pyr_e": 0.0,
            "EX_succ_e": 0.0,
            "FBA": 7.477381962160216,
            "FBP": 0.0,
            "FORt2": 0.0,
            "FORt": -2.9531487540993627e-13,
            "FRD7": 0.0,
            "FRUpts2": -4.6851381829052995e-15,
            "FUM": 5.06437566148206,
            "FUMt2_2": -7.903829061956886e-15,
            "G6PDH2r": 4.959984944574516,
            "GAPD": 16.023526143167533,
            "GLCpts": 9.999999999999998,
            "GLNS": 0.2234617293318276,
            "GLNabc": -3.365006668060879e-15,
            "GLUDy": -4.541857463865634,
            "GLUN": 0.0,
            "GLUSy": 0.0,
            "GLUt2r": -4.36455990803449e-15,
            "GND": 4.959984944574561,
            "H2Ot": -29.17582713556581,
            "ICDHyr": 6.0072495753499044,
            "ICL": 0.0,
            "LDH_D": -1.117818440044196e-14,
            "MALS": 0.0,
            "MALt2_2": 0.0,
            "MDH": 5.0643756614820425,
            "ME1": 0.0,
            "ME2": 0.0,
            "NADH16": 38.53460965051541,
            "NADTRHD": 0.0,
            "NH4t": 4.765319193197456,
            "O2t": 21.799492655998755,
            "PDH": 9.2825325991666
          },
          "maximum": {
            "PFK": 7.477381962160358,
            "PFL": 6.042502543973723e-14,
            "PGI": 4.860861146497104,
            "PGK": -16.023526143167537,
            "PGL": 4.959984944574829,
            "ACALD": 0.0,
            "AKGt2r": 0.0,
            "PGM": -14.716139568742776,
            "PIt2r": 3.21489504768476,
            "ALCD2x": 0.0,
            "ACALDt": 0.0,
            "ACKr": 0.0,
            "PPC": 2.5043094703688578,
            "ACONTa": 6.007249575350415,
            "ACONTb": 6.007249575350417,
            "ATPM": 8.390000000000093,
            "PPCK": 5.4234145123704716e-14,
            "ACt2r": 0.0,
            "PPS": 1.1144682529593461e-13,
            "ADK1": 4.354381600320494e-14,
            "AKGDH": 5.064375661482136,
            "ATPS4r": 45.51400977451757,
            "PTAr": 1.5807658123913772e-14,
            "PYK": 1.7581774441068276,
            "BIOMASS_Ecoli_core_w_GAM": 0.8739215069684305,
            "PYRt2": 0.0,
            "CO2t": -22.80983331020494,
            "RPE": 2.6784818505077133,
            "CS": 6.0072495753503965,
            "RPI": -2.281503094067052,
            "SUCCt2_2": 1.1750161022676737e-13,
            "CYTBD": 43.59898531199758,
            "D_LACt2": 0.0,
            "ENO": 14.71613956874293,
            "SUCCt3": 1.1750161022676737e-13,
            "ETOHt2r": 0.0,
            "SUCDi": 1000.0,
            "SUCOAS": -5.0643756614818765,
            "TALA": 1.4969837572621543,
            "THD2": 3.0243523128161343e-12,
            "TKT1": 1.4969837572616302,
            "TKT2": 1.1814980932459993,
            "TPI": 7.47738196216032,
            "EX_ac_e": 1.675415430087417e-14,
            "EX_acald_e": -1.4752555562917057e-15,
            "EX_akg_e": 2.7915373079777512e-15,
            "EX_co2_e": 22.80983331020498,
            "EX_etoh_e": 3.0509878945832612e-15,
            "EX_for_e": 7.458011321177273e-14,
            "EX_fru_e": 1.4497242965851653e-14,
            "EX_fum_e": 1.910607732151302e-15,
            "EX_glc__D_e": -10.0,
            "EX_gln__L_e": 2.5352290465773966e-15,
            "EX_glu__L_e": 1.1914944301352697e-14,
            "EX_h_e": 17.530865429786964,
            "EX_h2o_e": 29.175827135565832,
            "EX_lac__D_e": 2.9556445228775346e-15,
            "EX_mal__L_e": 0.0,
            "EX_nh4_e": -4.765319193197456,
            "EX_o2_e": -21.799492655998794,
            "EX_pi_e": -3.2148950476847786,
            "EX_pyr_e": -2.4607028306066555e-15,
            "EX_succ_e": -8.404685623498267e-16,
            "FBA": 7.477381962160262,
            "FBP": 7.199935496243584e-14,
            "FORt2": 2.8388580522082956e-13,
            "FORt": 0.0,
            "FRD7": 994.9356243385179,
            "FRUpts2": 0.0,
            "FUM": 5.064375661482138,
            "FUMt2_2": 0.0,
            "G6PDH2r": 4.959984944574848,
            "GAPD": 16.023526143167643,
            "GLCpts": 10.000000000000002,
            "GLNS": 0.2234617293318996,
            "GLNabc": 0.0,
            "GLUDy": -4.541857463865493,
            "GLUN": 7.046148454891047e-14,
            "GLUSy": 1.354616278113371e-13,
            "GLUt2r": 0.0,
            "GND": 4.95998494457482,
            "H2Ot": -29.175827135565832,
            "ICDHyr": 6.007249575350535,
            "ICL": 3.0157477741573764e-13,
            "LDH_D": 0.0,
            "MALS": 3.024799557733453e-12,
            "MALt2_2": 0.0,
            "MDH": 5.064375661484697,
            "ME1": 7.560880782040321e-13,
            "ME2": 7.997330489770822e-13,
            "NADH16": 38.534609650516344,
            "NADTRHD": 1.9091450813011385e-13,
            "NH4t": 4.765319193197459,
            "O2t": 21.79949265599869,
            "PDH": 9.282532599166696
          }
        },