{
  "audit_id": "b0dfb019-2f29-4fd8-a514-36335e3d81d8",
  "session_id": null,
  "tool_name": "run_metabolic_fba",
  "timestamp": "2025-06-16T14:50:49.718021",
  "input": {
    "model_path": "/Users/jplfaria/repos/ModelSEEDagent/data/examples/e_coli_core.xml"
  },
  "output": {
    "structured": {
      "success": true,
      "message": "FBA simulation completed successfully",
      "data": {
        "objective_value": 0.8739215069684306,
        "status": "optimal",
        "significant_fluxes": {
          "PFK": 7.477381962160284,
          "PGI": 4.860861146496812,
          "PGK": -16.023526143167608,
          "PGL": 4.959984944574661,
          "PGM": -14.71613956874283,
          "PIt2r": 3.214895047684784,
          "PPC": 2.5043094703687308,
          "ACONTa": 6.007249575350328,
          "ACONTb": 6.007249575350328,
          "ATPM": 8.39,
          "AKGDH": 5.064375661482092,
          "ATPS4r": 45.514009774517454,
          "PYK": 1.7581774441067888,
          "BIOMASS_Ecoli_core_w_GAM": 0.8739215069684306,
          "CO2t": -22.80983331020497,
          "RPE": 2.678481850507532,
          "CS": 6.007249575350327,
          "RPI": -2.281503094067128,
          "CYTBD": 43.598985311997524,
          "ENO": 14.71613956874283,
          "SUCDi": 5.064375661482092,
          "SUCOAS": -5.064375661482092,
          "TALA": 1.4969837572615678,
          "TKT1": 1.4969837572615676,
          "TKT2": 1.1814980932459644,
          "TPI": 7.477381962160283,
          "EX_co2_e": 22.80983331020497,
          "EX_glc__D_e": -10.0,
          "EX_h_e": 17.530865429786743,
          "EX_h2o_e": 29.175827135565793,
          "EX_nh4_e": -4.765319193197457,
          "EX_o2_e": -21.79949265599876,
          "EX_pi_e": -3.214895047684784,
          "FBA": 7.477381962160283,
          "FUM": 5.064375661482091,
          "G6PDH2r": 4.9599849445746615,
          "GAPD": 16.023526143167604,
          "GLCpts": 10.000000000000002,
          "GLNS": 0.22346172933182767,
          "GLUDy": -4.54185746386563,
          "GND": 4.95998494457466,
          "H2Ot": -29.175827135565793,
          "ICDHyr": 6.007249575350328,
          "MDH": 5.064375661482091,
          "NADH16": 38.53460965051543,
          "NH4t": 4.765319193197458,
          "O2t": 21.79949265599876,
          "PDH": 9.28253259916662
        },
        "subsystem_fluxes": {
          "Unknown": [
            [
              "PFK",
              7.477381962160284
            ],
            [
              "PGI",
              4.860861146496812
            ],
            [
              "PGK",
              -16.023526143167608
            ],
            [
              "PGL",
              4.959984944574661
            ],
            [
              "PGM",
              -14.71613956874283
            ],
            [
              "PIt2r",
              3.214895047684784
            ],
            [
              "PPC",
              2.5043094703687308
            ],
            [
              "ACONTa",
              6.007249575350328
            ],
            [
              "ACONTb",
              6.007249575350328
            ],
            [
              "ATPM",
              8.39
            ],
            [
              "AKGDH",
              5.064375661482092
            ],
            [
              "ATPS4r",
              45.514009774517454
            ],
            [
              "PYK",
              1.7581774441067888
            ],
            [
              "BIOMASS_Ecoli_core_w_GAM",
              0.8739215069684306
            ],
            [
              "CO2t",
              -22.80983331020497
            ],
            [
              "RPE",
              2.678481850507532
            ],
            [
              "CS",
              6.007249575350327
            ],
            [
              "RPI",
              -2.281503094067128
            ],
            [
              "CYTBD",
              43.598985311997524
            ],
            [
              "ENO",
              14.71613956874283
            ],
            [
              "SUCDi",
              5.064375661482092
            ],
            [
              "SUCOAS",
              -5.064375661482092
            ],
            [
              "TALA",
              1.4969837572615678
            ],
            [
              "TKT1",
              1.4969837572615676
            ],
            [
              "TKT2",
              1.1814980932459644
            ],
            [
              "TPI",
              7.477381962160283
            ],
            [
              "EX_co2_e",
              22.80983331020497
            ],
            [
              "EX_glc__D_e",
              -10.0
            ],
            [
              "EX_h_e",
              17.530865429786743
            ],
            [
              "EX_h2o_e",
              29.175827135565793
            ],
            [
              "EX_nh4_e",
              -4.765319193197457
            ],
            [
              "EX_o2_e",
              -21.79949265599876
            ],
            [
              "EX_pi_e",
              -3.214895047684784
            ],
            [
              "FBA",
              7.477381962160283
            ],
            [
              "FUM",
              5.064375661482091
            ],
            [
              "G6PDH2r",
              4.9599849445746615
            ],
            [
              "GAPD",
              16.023526143167604
            ],
            [
              "GLCpts",
              10.000000000000002
            ],
            [
              "GLNS",
              0.22346172933182767
            ],
            [
              "GLUDy",
              -4.54185746386563
            ],
            [
              "GND",
              4.95998494457466
            ],
            [
              "H2Ot",
              -29.175827135565793
            ],
            [
              "ICDHyr",
              6.007249575350328
            ],
            [
              "MDH",
              5.064375661482091
            ],
            [
              "NADH16",
              38.53460965051543
            ],
            [
              "NH4t",
              4.765319193197458
            ],
            [
              "O2t",
              21.79949265599876
            ],
            [
              "PDH",
              9.28253259916662
            ]
          ]
        },
        "result_file": null
      },
      "metadata": {
        "model_id": "e_coli_core",
        "objective_reaction": "1.0*BIOMASS_Ecoli_core_w_GAM - 1.0*BIOMASS_Ecoli_core_w_GAM_reverse_712e5",
        "num_reactions": 95,
        "num_metabolites": 72,
        "num_significant_fluxes": 48
      },
      "error": null
    },
    "console": {
      "stdout": "",
      "stderr": ""
    },
    "files": []
  },
  "execution": {
    "duration_seconds": 1.860602855682373,
    "success": true,
    "error": null,
    "timestamp_end": "2025-06-16T14:50:49.718114"
  },
  "environment": {
    "python_version": "3.11.12 | packaged by conda-forge | (main, Apr 10 2025, 22:18:52) [Clang 18.1.8 ]",
    "working_directory": "/Users/jplfaria/repos/ModelSEEDagent",
    "user": "jplfaria"
  }
}