{
  "audit_id": "a96038b3-bee0-42bc-8bc2-c1acd60d6b81",
  "session_id": null,
  "tool_name": "run_flux_variability_analysis",
  "timestamp": "2025-06-17T15:47:41.505849",
  "input": {
    "model_path": "data/examples/e_coli_core.xml",
    "fraction_of_optimum": 0.9
  },
  "output": {
    "structured": {
      "success": true,
      "message": "FVA completed for 95 reactions",
      "error": null,
      "full_data_path": null,
      "summary_dict": null,
      "key_findings": null,
      "schema_version": "1.0",
      "tool_name": null,
      "model_stats": null,
      "data": {
        "fva_results": {
          "minimum": {
            "PFK": 1.171705670610361,
            "PFL": 0.0,
            "PGI": -14.299039254154543,
            "PGK": -17.90916901222324,
            "PGL": 0.0,
            "ACALD": -2.542370370370373,
            "AKGt2r": -1.4300833333333345,
            "PGM": -16.732521095240948,
            "PIt2r": 2.893405542916289,
            "ALCD2x": -2.214322580645163,
            "ACALDt": -2.5423703703703775,
            "ACKr": -3.8135555555555607,
            "PPC": 0.0,
            "ACONTa": 0.8485865224814145,
            "ACONTb": 0.8485865224814146,
            "ATPM": 8.39,
            "PPCK": 0.0,
            "ACt2r": -3.8135555555555603,
            "PPS": 0.0,
            "ADK1": 0.0,
            "AKGDH": 0.0,
            "ATPS4r": 34.8256178303209,
            "PTAr": 1.4959078796717352e-16,
            "PYK": 0.0,
            "BIOMASS_Ecoli_core_w_GAM": 0.7865293562715873,
            "PYRt2": -2.542370370370378,
            "CO2t": -26.528849979184468,
            "RPE": -0.6209090068714748,
            "CS": 0.8485865224814129,
            "RPI": -8.6112908799943,
            "SUCCt2_2": 0.0,
            "CYTBD": 35.984864558575545,
            "D_LACt2": -2.1451250000000055,
            "ENO": 8.68658751653466,
            "SUCCt3": 0.0,
            "ETOHt2r": -2.2143225806451614,
            "SUCDi": 0.0,
            "SUCOAS": -8.04593357870628,
            "TALA": -0.15453620107026586,
            "THD2": 0.0,
            "TKT1": -0.15453620107026586,
            "TKT2": -0.4663728058012102,
            "TPI": 1.171705670610375,
            "EX_ac_e": 0.0,
            "EX_acald_e": 0.0,
            "EX_akg_e": 0.0,
            "EX_co2_e": 15.206525955175843,
            "EX_etoh_e": 0.0,
            "EX_for_e": 0.0,
            "EX_fru_e": 0.0,
            "EX_fum_e": 0.0,
            "EX_glc__D_e": -10.0,
            "EX_gln__L_e": 0.0,
            "EX_glu__L_e": 0.0,
            "EX_h_e": 15.777778886808,
            "EX_h2o_e": 20.935920398000608,
            "EX_lac__D_e": 0.0,
            "EX_mal__L_e": 0.0,
            "EX_nh4_e": -5.559972459062896,
            "EX_o2_e": -25.619543390398878,
            "EX_pi_e": -3.214895047684776,
            "EX_pyr_e": 0.0,
            "EX_succ_e": 0.0,
            "FBA": 1.171705670610361,
            "FBP": 0.0,
            "FORt2": 0.0,
            "FORt": -68.6440000000002,
            "FRD7": 0.0,
            "FRUpts2": 0.0,
            "FUM": -0.5129141697365627,
            "FUMt2_2": 0.0,
            "G6PDH2r": -8.785088696445595e-15,
            "GAPD": 9.863235433516978,
            "GLCpts": 9.046611111111106,
            "GLNS": 0.20111555639864487,
            "GLNabc": 0.0,
            "GLUDy": -5.358856902664258,
            "GLUN": 0.0,
            "GLUSy": 0.0,
            "GLUt2r": -1.2711851851851925,
            "GND": 0.0,
            "H2Ot": -32.258244422009234,
            "ICDHyr": 0.8485865224814143,
            "ICL": 0.0,
            "LDH_D": -2.1451249999999997,
            "MALS": 0.0,
            "MALt2_2": 0.0,
            "MDH": -3.2497411899357393,
            "ME1": 0.0,
            "ME2": 0.0,
            "NADH16": 32.65914943823515,
            "NADTRHD": 0.0,
            "NH4t": 4.288787273877711,
            "O2t": 17.992432279287772,
            "PDH": 0.0
          },
          "maximum": {
            "PFK": 25.290643765944452,
            "PFL": 11.322324024008621,
            "PGI": 9.838761481964324,
            "PGK": -9.86323543351698,
            "PGL": 24.13780073611884,
            "ACALD": 0.0,
            "AKGt2r": 0.0,
            "PGM": -8.686587516534662,
            "PIt2r": 3.2148950476847578,
            "ALCD2x": 0.0,
            "ACALDt": 0.0,
            "ACKr": 0.0,
            "PPC": 20.346865929487052,
            "ACONTa": 8.8945201011877,
            "ACONTb": 8.894520101187702,
            "ATPM": 25.55100000000005,
            "PPCK": 17.161000000000058,
            "ACt2r": 0.0,
            "PPS": 17.16100000000001,
            "ADK1": 17.161000000000055,
            "AKGDH": 8.04593357870629,
            "ATPS4r": 59.38106236856615,
            "PTAr": 3.813555555555562,
            "PYK": 21.38299288752864,
            "BIOMASS_Ecoli_core_w_GAM": 0.8739215069684305,
            "PYRt2": 0.0,
            "CO2t": -15.206525955175806,
            "RPE": 15.526509856124552,
            "CS": 8.894520101187696,
            "RPI": -0.5653573012880171,
            "SUCCt2_2": 22.88133333333341,
            "CYTBD": 51.239086780797784,
            "D_LACt2": 0.0,
            "ENO": 16.73252109524094,
            "SUCCt3": 22.881333333333433,
            "ETOHt2r": 0.0,
            "SUCDi": 1000.0,
            "SUCOAS": 9.206500681504025e-16,
            "TALA": 7.905223476869183,
            "THD2": 37.041988708432065,
            "TKT1": 7.905223476869276,
            "TKT2": 7.621286379255257,
            "TPI": 9.217639249316651,
            "EX_ac_e": 3.8135555555555625,
            "EX_acald_e": 2.5423703703703757,
            "EX_akg_e": 1.43008333333334,
            "EX_co2_e": 26.528849979184486,
            "EX_etoh_e": 2.2143225806451707,
            "EX_for_e": 11.322324024008596,
            "EX_fru_e": 0.0,
            "EX_fum_e": 0.0,
            "EX_glc__D_e": -9.046611111111016,
            "EX_gln__L_e": 0.0,
            "EX_glu__L_e": 1.2711851851851959,
            "EX_h_e": 27.100102910817007,
            "EX_h2o_e": 32.2582444220097,
            "EX_lac__D_e": 2.145125000000009,
            "EX_mal__L_e": 0.0,
            "EX_nh4_e": -4.28878727387771,
            "EX_o2_e": -17.992432279287744,
            "EX_pi_e": -2.8934055429162995,
            "EX_pyr_e": 2.5423703703703744,
            "EX_succ_e": 1.6742439024390245,
            "FBA": 9.217639249316651,
            "FBP": 17.16100000000004,
            "FORt2": 68.64400000000026,
            "FORt": 0.0,
            "FRD7": 1000.0,
            "FRUpts2": 0.0,
            "FUM": 8.045933578706295,
            "FUMt2_2": 0.0,
            "G6PDH2r": 24.137800736118983,
            "GAPD": 17.90916901222345,
            "GLCpts": 10.000000000000002,
            "GLNS": 17.362115556398678,
            "GLNabc": 0.0,
            "GLUDy": 13.073328282520949,
            "GLUN": 17.161000000000012,
            "GLUSy": 17.161000000000012,
            "GLUt2r": 0.0,
            "GND": 24.13780073611884,
            "H2Ot": -20.935920398000597,
            "ICDHyr": 8.894520101187872,
            "ICL": 8.045933578706208,
            "LDH_D": 0.0,
            "MALS": 8.045933578706368,
            "MALt2_2": 0.0,
            "MDH": 16.091867157412818,
            "ME1": 11.935888812258797,
            "ME2": 15.318641557995182,
            "NADH16": 51.239086780796974,
            "NADTRHD": 44.75958304596883,
            "NH4t": 5.5599724590629,
            "O2t": 25.619543390398817,
            "PDH": 19.888208401328647
          }
        },
        "summary": {
          "blocked_reactions": [
            "EX_fru_e",
            "EX_fum_e",
            "EX_gln__L_e",
            "EX_mal__L_e",
            "FRUpts2",
            "FUMt2_2",
            "GLNabc",
            "MALt2_2"
          ],
          "fixed_reactions": [],