{
  "audit_id": "539bc6cd-8068-4635-a054-955208b30ed3",
  "session_id": null,
  "tool_name": "run_flux_variability_analysis",
  "timestamp": "2025-06-18T21:56:26.210690",
  "input": {
    "model_path": "/Users/jplfaria/repos/ModelSEEDagent/data/examples/e_coli_core.xml"
  },
  "output": {
    "structured": {
      "success": true,
      "message": "FVA completed for 95 reactions",
      "error": null,
      "full_data_path": null,
      "summary_dict": null,
      "key_findings": null,
      "schema_version": "1.0",
      "tool_name": null,
      "model_stats": null,
      "data": {
        "fva_results": {
          "minimum": {
            "PFK": 7.47738196216013,
            "PFL": 0.0,
            "PGI": 4.860861146496643,
            "PGK": -16.023526143167665,
            "PGL": 4.959984944574433,
            "ACALD": -1.355859956467755e-14,
            "AKGt2r": 1.48639688643807e-15,
            "PGM": -14.716139568742866,
            "PIt2r": 3.2148950476847586,
            "ALCD2x": -1.180910284665464e-14,
            "ACALDt": -5.9367112564249636e-15,
            "ACKr": 3.963725030501522e-15,
            "PPC": 2.5043094703684114,
            "ACONTa": 6.007249575350315,
            "ACONTb": 6.007249575350315,
            "ATPM": 8.39,
            "PPCK": 0.0,
            "ACt2r": -6.093766885423652e-15,
            "PPS": 0.0,
            "ADK1": 0.0,
            "AKGDH": 5.064375661481721,
            "ATPS4r": 45.514009774517405,
            "PTAr": 0.0,
            "PYK": 1.7581774441066957,
            "BIOMASS_Ecoli_core_w_GAM": 0.8739215069684303,
            "PYRt2": -1.3228907353901785e-14,
            "CO2t": -22.809833310204993,
            "RPE": 2.6784818505074406,
            "CS": 6.007249575350268,
            "RPI": -2.2815030940671845,
            "SUCCt2_2": -7.487838058695998e-15,
            "CYTBD": 43.59898531199751,
            "D_LACt2": -1.2053035070728164e-14,
            "ENO": 14.716139568742763,
            "SUCCt3": 0.0,
            "ETOHt2r": -9.178640200982194e-15,
            "SUCDi": 5.064375661482048,
            "SUCOAS": -5.064375661482161,
            "TALA": 1.4969837572614921,
            "THD2": 0.0,
            "TKT1": 1.4969837572614006,
            "TKT2": 1.1814980932458887,
            "TPI": 7.477381962160211,
            "EX_ac_e": 0.0,
            "EX_acald_e": 0.0,
            "EX_akg_e": 0.0,
            "EX_co2_e": 22.809833310204944,
            "EX_etoh_e": 0.0,
            "EX_for_e": 0.0,
            "EX_fru_e": 0.0,
            "EX_fum_e": 0.0,
            "EX_glc__D_e": -10.0,
            "EX_gln__L_e": 0.0,
            "EX_glu__L_e": 0.0,
            "EX_h_e": 17.53086542978675,
            "EX_h2o_e": 29.175827135565772,
            "EX_lac__D_e": 0.0,
            "EX_mal__L_e": 0.0,
            "EX_nh4_e": -4.7653191931974614,
            "EX_o2_e": -21.79949265599871,
            "EX_pi_e": -3.2148950476847724,
            "EX_pyr_e": 0.0,
            "EX_succ_e": 0.0,
            "FBA": 7.47738196216013,
            "FBP": 0.0,
            "FORt2": 0.0,
            "FORt": -2.9531487540993627e-13,
            "FRD7": 0.0,
            "FRUpts2": -6.1951594199462285e-15,
            "FUM": 5.064375661482113,
            "FUMt2_2": -7.903829061956886e-15,
            "G6PDH2r": 4.9599849445745345,
            "GAPD": 16.023526143167533,
            "GLCpts": 9.999999999999998,
            "GLNS": 0.2234617293318276,
            "GLNabc": -1.4480172276034292e-15,
            "GLUDy": -4.541857463865633,
            "GLUN": 0.0,
            "GLUSy": 0.0,
            "GLUt2r": -1.4730898526135552e-14,
            "GND": 4.959984944574357,
            "H2Ot": -29.17582713556581,
            "ICDHyr": 6.0072495753499044,
            "ICL": 0.0,
            "LDH_D": -2.4832724078807648e-14,
            "MALS": 0.0,
            "MALt2_2": 0.0,
            "MDH": 5.064375661482078,
            "ME1": 0.0,
            "ME2": 0.0,
            "NADH16": 38.53460965051534,
            "NADTRHD": 0.0,
            "NH4t": 4.765319193197456,
            "O2t": 21.799492655998755,
            "PDH": 9.282532599166606
          },
          "maximum": {
            "PFK": 7.477381962160358,
            "PFL": 6.042502543973723e-14,
            "PGI": 4.860861146497005,
            "PGK": -16.023526143167537,
            "PGL": 4.959984944574829,
            "ACALD": 0.0,
            "AKGt2r": 0.0,
            "PGM": -14.716139568742776,
            "PIt2r": 3.21489504768476,
            "ALCD2x": 0.0,
            "ACALDt": 0.0,
            "ACKr": 0.0,
            "PPC": 2.504309470368995,
            "ACONTa": 6.007249575350415,
            "ACONTb": 6.007249575350417,
            "ATPM": 8.390000000000093,
            "PPCK": 5.4234145123704716e-14,
            "ACt2r": 0.0,
            "PPS": 1.1144682529593461e-13,
            "ADK1": 4.0349397281783994e-14,
            "AKGDH": 5.064375661482133,
            "ATPS4r": 45.51400977451757,
            "PTAr": 1.5807658123913772e-14,
            "PYK": 1.7581774441067723,
            "BIOMASS_Ecoli_core_w_GAM": 0.8739215069684305,
            "PYRt2": 0.0,
            "CO2t": -22.80983331020489,
            "RPE": 2.678481850507647,
            "CS": 6.0072495753503965,
            "RPI": -2.281503094067052,
            "SUCCt2_2": 1.1750161022676737e-13,
            "CYTBD": 43.59898531199758,
            "D_LACt2": 0.0,
            "ENO": 14.716139568742893,
            "SUCCt3": 1.1750161022676737e-13,
            "ETOHt2r": 0.0,
            "SUCDi": 1000.0,
            "SUCOAS": -5.064375661481948,
            "TALA": 1.4969837572629483,
            "THD2": 7.0918155685601584e-12,
            "TKT1": 1.4969837572616302,
            "TKT2": 1.1814980932459993,
            "TPI": 7.47738196216032,
            "EX_ac_e": 1.675415430087417e-14,
            "EX_acald_e": -4.023879350954287e-15,
            "EX_akg_e": 6.1593019814770665e-15,
            "EX_co2_e": 22.809833310204976,
            "EX_etoh_e": 3.0895722814992702e-15,
            "EX_for_e": 6.0755028047565896e-15,
            "EX_fru_e": -6.463679004623073e-15,
            "EX_fum_e": -3.326554787359477e-15,
            "EX_glc__D_e": -10.0,
            "EX_gln__L_e": 2.2554499020263778e-15,
            "EX_glu__L_e": 5.010734409470407e-15,
            "EX_h_e": 17.530865429786992,
            "EX_h2o_e": 29.175827135565644,
            "EX_lac__D_e": 2.9930231477024183e-15,
            "EX_mal__L_e": 0.0,
            "EX_nh4_e": -4.765319193197456,
            "EX_o2_e": -21.799492655998794,
            "EX_pi_e": -3.2148950476847893,
            "EX_pyr_e": -3.2835024929649907e-15,
            "EX_succ_e": -2.1493403971994265e-15,
            "FBA": 7.477381962160268,
            "FBP": 7.199935496243584e-14,
            "FORt2": 2.8388580522082956e-13,
            "FORt": 0.0,
            "FRD7": 994.9356243385181,
            "FRUpts2": 0.0,
            "FUM": 5.064375661482138,
            "FUMt2_2": 0.0,
            "G6PDH2r": 4.959984944574848,
            "GAPD": 16.023526143167643,
            "GLCpts": 10.000000000000002,
            "GLNS": 0.2234617293318996,
            "GLNabc": 0.0,
            "GLUDy": -4.541857463865493,
            "GLUN": 7.046148454891047e-14,
            "GLUSy": 1.354616278113371e-13,
            "GLUt2r": 0.0,
            "GND": 4.959984944574821,
            "H2Ot": -29.175827135565832,
            "ICDHyr": 6.007249575350232,
            "ICL": 3.0157477741573764e-13,
            "LDH_D": 0.0,
            "MALS": 7.092230846748244e-12,
            "MALt2_2": 0.0,
            "MDH": 5.06437566148816,
            "ME1": 1.7729538921400368e-12,
            "ME2": 9.162833758798275e-13,
            "NADH16": 38.534609650516344,
            "NADTRHD": 1.9091450813011385e-13,
            "NH4t": 4.765319193197459,
            "O2t": 21.79949265599869,
            "PDH": 9.282532599166696
          }
        },